team_name,division,conference
buffalo bills,east,afc
miami dolphins,east,afc
new england patriots,east,afc
new york jets,east,afc
baltimore ravens,north,afc
cincinnati bengals,north,afc
cleveland browns,north,afc
pittsburgh steelers,north,afc
houston texans,south,afc
indianapolis colts,south,afc
jacksonville jaguars,south,afc
tennessee titans,south,afc
denver broncos,west,afc
kansas city chiefs,west,afc
las vegas raiders,west,afc
los angeles chargers,west,afc
dallas cowboys,east,nfc
new york giants,east,nfc
philadelphia eagles,east,nfc
washington commanders,east,nfc
chicago bears ,north,nfc
detriot lions ,north,nfc
green bay packers,north,nfc
minnesota vikings ,north,nfc
atlanta falcons,south,nfc
carolina pathers,south,nfc
new orleans saints,south,nfc
tampa bay buccaneers,south,nfc
arizona cardinals,west,nfc
los angeles rams,west,nfc
san fransisco 49ers ,west,nfc
seattle seahawks,west,nfc